frame,label
1,not_fall
2,not_fall
3,not_fall
4,not_fall
5,not_fall
6,not_fall
7,not_fall
8,not_fall
9,not_fall
10,not_fall
11,not_fall
12,not_fall
13,not_fall
14,not_fall
15,not_fall
16,not_fall
17,not_fall
18,not_fall
19,not_fall
20,not_fall
21,not_fall
22,not_fall
23,not_fall
24,not_fall
25,not_fall
26,not_fall
27,not_fall
28,not_fall
29,not_fall
30,not_fall
31,not_fall
32,not_fall
33,not_fall
34,not_fall
35,not_fall
36,not_fall
37,not_fall
38,not_fall
39,not_fall
40,not_fall
41,not_fall
42,not_fall
43,not_fall
44,not_fall
45,not_fall
46,not_fall
47,not_fall
48,not_fall
49,not_fall
50,not_fall
51,fall
52,fall
53,fall
54,fall
55,fall
56,fall
57,fall
58,fall
59,fall
60,fall
61,fall
62,fall
63,fall
64,fall
65,fall
66,fall
67,fall
68,fall
69,fall
70,fall
71,fall
72,fall
73,fall
74,fall
75,fall
76,fall
77,fall
78,fall
79,fall
80,fall
81,fall
82,fall
83,fall
84,fall
85,fall
86,fall
87,fall
88,fall
89,fall
90,fall
91,fall
92,fall
93,fall
94,fall
95,fall
96,fall
97,fall
98,fall
99,fall
100,fall
101,fall
102,fall
103,fall
104,fall
105,fall
106,fall
107,fall
108,fall
109,fall
110,fall
111,fall
112,fall
113,fall
114,fall
115,fall
116,fall
117,fall
118,fall
119,fall
120,fall
121,fall
122,fall
123,fall
124,fall
125,fall
126,fall
127,fall
128,fall
129,fall
130,fall
131,fall
132,fall
133,fall
134,fall
135,fall
136,fall
137,fall
138,fall
139,fall
140,fall
141,fall
142,fall
143,fall
144,fall
145,fall
146,fall
147,fall
148,fall
149,fall
150,fall
151,fall
152,fall
153,fall
154,fall
155,fall
156,fall
157,fall
158,fall
159,fall
160,fall
161,fall
162,fall
163,not_fall
164,not_fall
165,not_fall
166,not_fall
167,not_fall
168,not_fall
169,not_fall
170,not_fall
171,not_fall
172,not_fall
173,not_fall
174,not_fall
175,not_fall
176,not_fall
177,not_fall
178,not_fall
179,not_fall
180,not_fall
181,not_fall
182,not_fall
183,not_fall
184,not_fall
185,not_fall
186,not_fall
187,not_fall
188,not_fall
189,not_fall
190,not_fall
191,not_fall
192,not_fall
193,not_fall
194,not_fall
195,not_fall
196,not_fall
197,not_fall
198,not_fall
199,not_fall
200,not_fall
201,not_fall
202,not_fall
203,not_fall
204,not_fall
205,not_fall
206,not_fall
207,not_fall
208,not_fall
209,not_fall
210,not_fall
211,not_fall
212,not_fall
213,not_fall
214,not_fall
215,not_fall
216,not_fall
217,not_fall
218,not_fall
219,not_fall
220,not_fall
221,not_fall
222,not_fall
223,not_fall
224,not_fall
225,not_fall
226,not_fall
227,not_fall
228,not_fall
229,not_fall
230,not_fall
231,not_fall
232,not_fall
233,not_fall
234,not_fall
235,not_fall
236,not_fall
237,not_fall
238,not_fall
239,not_fall
240,not_fall
241,not_fall
242,not_fall
243,not_fall
244,not_fall
245,not_fall
246,not_fall
247,not_fall
248,not_fall
249,not_fall
250,not_fall
251,not_fall
252,not_fall
253,not_fall
254,not_fall
255,not_fall
256,not_fall
257,not_fall
258,not_fall
259,not_fall
260,not_fall
261,not_fall
262,not_fall
263,not_fall
264,not_fall
265,not_fall
266,not_fall
267,not_fall
268,not_fall
269,not_fall
270,not_fall
271,not_fall
272,not_fall
273,not_fall
274,not_fall
275,not_fall
276,not_fall
277,not_fall
278,not_fall
279,not_fall
280,not_fall
281,not_fall
282,not_fall
283,not_fall
284,not_fall
285,not_fall
286,not_fall
287,not_fall
288,not_fall
289,not_fall
290,not_fall
291,not_fall
292,not_fall
293,not_fall
294,not_fall
295,not_fall
296,not_fall
297,not_fall
298,not_fall
299,not_fall
300,not_fall
301,not_fall
302,fall
303,fall
304,fall
305,fall
306,fall
307,fall
308,fall
309,fall
310,fall
311,fall
312,fall
313,fall
314,fall
315,fall
316,fall
317,fall
318,fall
319,fall
320,fall
321,fall
322,fall
323,fall
324,fall
325,fall
326,fall
327,fall
328,fall
329,fall
330,fall
331,fall
332,fall
333,fall
334,fall
335,fall
336,fall
337,fall
338,fall
339,fall
340,fall
341,fall
342,fall
343,fall
344,fall
345,fall
346,fall
347,fall
348,fall
349,fall
350,fall
351,fall
352,fall
353,fall
354,fall
355,fall
356,fall
357,fall
358,fall
359,fall
360,fall
361,fall
362,fall
363,fall
364,fall
365,fall
366,fall
367,fall
368,fall
369,fall
370,fall
371,fall
372,fall
373,fall
374,fall
375,fall
376,fall
377,fall
378,fall
379,fall
380,fall
381,fall
382,fall
383,fall
384,fall
385,fall
386,fall
387,fall
388,fall
389,fall
390,fall
391,fall
392,fall
393,fall
394,fall
395,fall
396,fall
397,fall
398,fall
399,fall
400,fall
401,fall
402,fall
403,fall
404,fall
405,fall
406,fall
407,fall
408,fall
409,fall
410,fall
411,fall
412,fall
413,fall
414,fall
415,fall
416,fall
417,fall
418,fall
419,fall
420,fall
421,fall
422,fall
423,fall
424,fall
425,fall
426,fall
427,fall
428,fall
429,fall
430,fall
431,fall
432,fall
433,fall
434,fall
435,fall
436,fall
437,fall
438,fall
439,fall
440,fall
441,fall
442,fall
443,fall
444,fall
445,fall
446,fall
447,fall
448,fall
449,fall
450,fall
451,fall
452,fall
453,fall
454,fall
455,fall
456,fall
457,fall
458,fall
459,fall
460,fall
461,fall
462,fall
463,fall
464,fall
465,fall
466,fall
467,fall
468,fall
469,fall
470,fall
471,fall
472,fall
473,fall
474,fall
475,fall
476,fall
477,fall
478,fall
479,fall
480,fall
481,fall
482,fall
483,fall
484,fall
485,fall
486,fall
487,fall
488,fall
489,fall
490,fall
491,fall
492,fall
493,fall
494,fall
495,fall
496,fall
497,fall
498,fall
499,fall
500,fall
501,fall
502,fall
503,fall
504,fall
505,fall
506,fall
507,fall
508,fall
509,fall
510,fall
511,fall
512,fall
513,fall
514,fall
515,fall
516,fall
517,fall
518,fall
519,fall
520,fall
521,fall
522,fall
523,fall
524,fall
525,fall
526,fall
527,fall
528,fall
529,fall
530,fall
531,fall
532,fall
533,fall
534,fall
535,fall
536,fall
537,fall
538,fall
539,fall
540,fall
541,fall
542,fall
543,fall
544,fall
545,fall
546,fall
547,fall
548,fall
549,fall
550,fall
551,fall
552,fall
553,fall
554,fall
555,fall
556,fall
557,fall
558,fall
559,fall
560,fall
561,fall
562,fall
563,fall
564,fall
565,fall
566,fall
567,fall
568,fall
569,fall
570,fall
571,fall
572,fall
573,fall
574,fall
575,fall
576,fall
577,fall
578,fall
579,fall
580,fall
581,fall
582,fall
583,fall
584,fall
585,fall
586,fall
587,fall
588,fall
589,fall
590,fall
591,fall
592,fall
593,fall
594,fall
595,fall
596,fall
597,fall
598,fall
599,fall
600,fall
601,fall
602,fall
603,fall
604,fall
605,fall
606,fall
607,fall
608,fall
609,fall
610,fall
611,fall
612,fall
613,fall
614,fall
615,fall
616,fall
617,fall
618,fall
619,fall
620,fall
621,fall
622,fall
623,fall
624,fall
625,fall
626,fall
627,fall
628,fall
629,fall
630,fall
631,fall
632,fall
633,fall
634,fall
635,fall
636,fall
637,fall
638,fall
639,fall
640,fall
641,fall
642,fall
643,fall
644,fall
645,fall
646,fall
647,fall
648,fall
649,fall
650,fall
651,fall
652,fall
653,fall
654,fall
655,fall
656,fall
657,fall
658,fall
659,fall
660,fall
661,fall
662,fall
663,fall
664,fall
665,fall
666,fall
667,fall
668,fall
669,fall
670,fall
671,fall
672,fall
673,fall
674,fall
675,fall
676,fall
677,fall
